arrondissement_num,arrondissement,year,population,source,density,persons_per_dwelling,insee_code,decade_label
1,1er — Louvre,1861,89519.0,demographia.com/db-paris-arr1999.htm,49024.644030668125,,,1860
1,1er — Louvre,1872,74286.0,demographia.com/db-paris-arr1999.htm,40682.36582694414,,,1870
1,1er — Louvre,1881,75390.0,demographia.com/db-paris-arr1999.htm,41286.96604600219,,,1880
1,1er — Louvre,1891,66399.0,demographia.com/db-paris-arr1999.htm,36363.08871851041,,,1890
1,1er — Louvre,1901,63768.0,demographia.com/db-paris-arr1999.htm,34922.23439211391,,,1900
1,1er — Louvre,1911,59037.0,demographia.com/db-paris-arr1999.htm,32331.32530120482,,,1910
1,1er — Louvre,1921,52277.0,demographia.com/db-paris-arr1999.htm,28629.244249726176,,,1920
1,1er — Louvre,1931,42166.0,demographia.com/db-paris-arr1999.htm,23092.00438116101,,,1930
1,1er — Louvre,1936,38436.0,demographia.com/db-paris-arr1999.htm,21049.288061336254,,,1940
1,1er — Louvre,1946,36478.0,demographia.com/db-paris-arr1999.htm,19976.998904709748,,,1950
1,1er — Louvre,1962,33830.0,demographia.com/db-paris-arr1999.htm,18526.83461117196,,,1960
1,1er — Louvre,1968,32332.0,INSEE dossier complet (paris_population.csv),17667.8,2.05,75101,1970
1,1er — Louvre,1982,18509.0,INSEE dossier complet (paris_population.csv),10114.2,1.78,75101,1980
1,1er — Louvre,1990,18360.0,INSEE dossier complet (paris_population.csv),10032.8,1.77,75101,1990
1,1er — Louvre,1999,16888.0,INSEE dossier complet (paris_population.csv),9228.4,1.7,75101,2000
1,1er — Louvre,2011,17443.0,INSEE dossier complet (paris_population.csv),9531.7,1.7,75101,2010
1,1er — Louvre,2022,15475.0,INSEE dossier complet (paris_population.csv),8456.3,1.63,75101,2020
2,2e — Bourse,1861,81609.0,demographia.com/db-paris-arr1999.htm,82267.1370967742,,,1860
2,2e — Bourse,1872,73578.0,demographia.com/db-paris-arr1999.htm,74171.37096774194,,,1870
2,2e — Bourse,1881,76394.0,demographia.com/db-paris-arr1999.htm,77010.08064516129,,,1880
2,2e — Bourse,1891,69802.0,demographia.com/db-paris-arr1999.htm,70364.91935483871,,,1890
2,2e — Bourse,1901,64267.0,demographia.com/db-paris-arr1999.htm,64785.282258064515,,,1900
2,2e — Bourse,1911,60404.0,demographia.com/db-paris-arr1999.htm,60891.12903225807,,,1910
2,2e — Bourse,1921,53317.0,demographia.com/db-paris-arr1999.htm,53746.97580645161,,,1920
2,2e — Bourse,1931,44311.0,demographia.com/db-paris-arr1999.htm,44668.346774193546,,,1930
2,2e — Bourse,1936,41780.0,demographia.com/db-paris-arr1999.htm,42116.93548387097,,,1940
2,2e — Bourse,1946,41419.0,demographia.com/db-paris-arr1999.htm,41753.02419354839,,,1950
2,2e — Bourse,1962,40055.0,demographia.com/db-paris-arr1999.htm,40378.02419354839,,,1960
2,2e — Bourse,1968,35357.0,INSEE dossier complet (paris_population.csv),35714.1,2.0,75102,1970
2,2e — Bourse,1982,21203.0,INSEE dossier complet (paris_population.csv),21417.2,1.72,75102,1980
2,2e — Bourse,1990,20738.0,INSEE dossier complet (paris_population.csv),20947.5,1.76,75102,1990
2,2e — Bourse,1999,19585.0,INSEE dossier complet (paris_population.csv),19782.8,1.7,75102,2000
2,2e — Bourse,2011,22927.0,INSEE dossier complet (paris_population.csv),23158.6,1.7,75102,2010
2,2e — Bourse,2022,20433.0,INSEE dossier complet (paris_population.csv),20639.4,1.67,75102,2020
3,3e — Temple,1861,99116.0,demographia.com/db-paris-arr1999.htm,84642.18616567037,,,1860
3,3e — Temple,1872,89687.0,demographia.com/db-paris-arr1999.htm,76590.09393680615,,,1870
3,3e — Temple,1881,94254.0,demographia.com/db-paris-arr1999.htm,80490.17933390265,,,1880
3,3e — Temple,1891,90000.0,demographia.com/db-paris-arr1999.htm,76857.38684884713,,,1890
3,3e — Temple,1901,90230.0,demographia.com/db-paris-arr1999.htm,77053.80017079419,,,1900
3,3e — Temple,1911,86811.0,demographia.com/db-paris-arr1999.htm,74134.07344150299,,,1910
3,3e — Temple,1921,77627.0,demographia.com/db-paris-arr1999.htm,66291.20409906063,,,1920
3,3e — Temple,1931,70971.0,demographia.com/db-paris-arr1999.htm,60607.17335610589,,,1930
3,3e — Temple,1936,66233.0,demographia.com/db-paris-arr1999.htm,56561.058923996585,,,1940
3,3e — Temple,1946,64393.0,demographia.com/db-paris-arr1999.htm,54989.75234842015,,,1950
3,3e — Temple,1962,61546.0,demographia.com/db-paris-arr1999.htm,52558.49701110162,,,1960
3,3e — Temple,1968,56252.0,INSEE dossier complet (paris_population.csv),48078.6,2.11,75103,1970
3,3e — Temple,1982,36094.0,INSEE dossier complet (paris_population.csv),30849.6,1.81,75103,1980
3,3e — Temple,1990,35102.0,INSEE dossier complet (paris_population.csv),30001.7,1.78,75103,1990
3,3e — Temple,1999,34248.0,INSEE dossier complet (paris_population.csv),29271.8,1.75,75103,2000
3,3e — Temple,2011,36120.0,INSEE dossier complet (paris_population.csv),30871.8,1.71,75103,2010
3,3e — Temple,2022,32772.0,INSEE dossier complet (paris_population.csv),28010.3,1.66,75103,2020
4,4e — Hôtel-de-Ville,1861,108520.0,demographia.com/db-paris-arr1999.htm,67782.63585259212,,,1860
4,4e — Hôtel-de-Ville,1872,95003.0,demographia.com/db-paris-arr1999.htm,59339.787632729545,,,1870
4,4e — Hôtel-de-Ville,1881,103760.0,demographia.com/db-paris-arr1999.htm,64809.49406620862,,,1880
4,4e — Hôtel-de-Ville,1891,100046.0,demographia.com/db-paris-arr1999.htm,62489.6939412867,,,1890
4,4e — Hôtel-de-Ville,1901,100329.0,demographia.com/db-paris-arr1999.htm,62666.45846346034,,,1900
4,4e — Hôtel-de-Ville,1911,100377.0,demographia.com/db-paris-arr1999.htm,62696.43972517177,,,1910
4,4e — Hôtel-de-Ville,1921,91741.0,demographia.com/db-paris-arr1999.htm,57302.31105559026,,,1920
4,4e — Hôtel-de-Ville,1931,83063.0,demographia.com/db-paris-arr1999.htm,51881.94878201124,,,1930
4,4e — Hôtel-de-Ville,1936,70944.0,demographia.com/db-paris-arr1999.htm,44312.30480949407,,,1940
4,4e — Hôtel-de-Ville,1946,60082.0,demographia.com/db-paris-arr1999.htm,37527.79512804497,,,1950
4,4e — Hôtel-de-Ville,1962,60763.0,demographia.com/db-paris-arr1999.htm,37953.154278575894,,,1960
4,4e — Hôtel-de-Ville,1968,54029.0,INSEE dossier complet (paris_population.csv),33768.1,2.16,75104,1970
4,4e — Hôtel-de-Ville,1982,33990.0,INSEE dossier complet (paris_population.csv),21243.8,1.79,75104,1980
4,4e — Hôtel-de-Ville,1990,32226.0,INSEE dossier complet (paris_population.csv),20141.3,1.79,75104,1990
4,4e — Hôtel-de-Ville,1999,30675.0,INSEE dossier complet (paris_population.csv),19171.9,1.66,75104,2000
4,4e — Hôtel-de-Ville,2011,27887.0,INSEE dossier complet (paris_population.csv),17429.4,1.69,75104,2010
4,4e — Hôtel-de-Ville,2022,28039.0,INSEE dossier complet (paris_population.csv),17524.4,1.72,75104,2020
5,5e — Panthéon,1861,107754.0,demographia.com/db-paris-arr1999.htm,42406.139315230226,,,1860
5,5e — Panthéon,1872,96689.0,demographia.com/db-paris-arr1999.htm,38051.554506099965,,,1870
5,5e — Panthéon,1881,114444.0,demographia.com/db-paris-arr1999.htm,45038.96103896104,,,1880
5,5e — Panthéon,1891,117549.0,demographia.com/db-paris-arr1999.htm,46260.92089728454,,,1890
5,5e — Panthéon,1901,119198.0,demographia.com/db-paris-arr1999.htm,46909.878000787096,,,1900
5,5e — Panthéon,1911,121378.0,demographia.com/db-paris-arr1999.htm,47767.807949626134,,,1910
5,5e — Panthéon,1921,121242.0,demographia.com/db-paris-arr1999.htm,47714.28571428572,,,1920
5,5e — Panthéon,1931,117770.0,demographia.com/db-paris-arr1999.htm,46347.894529712714,,,1930
5,5e — Panthéon,1936,107120.0,demographia.com/db-paris-arr1999.htm,42156.63124754034,,,1940
5,5e — Panthéon,1946,102608.0,demographia.com/db-paris-arr1999.htm,40380.95238095238,,,1950
5,5e — Panthéon,1962,95473.0,demographia.com/db-paris-arr1999.htm,37573.00275482094,,,1960
5,5e — Panthéon,1968,83721.0,INSEE dossier complet (paris_population.csv),32961.0,2.06,75105,1970
5,5e — Panthéon,1982,62173.0,INSEE dossier complet (paris_population.csv),24477.6,1.76,75105,1980
5,5e — Panthéon,1990,61222.0,INSEE dossier complet (paris_population.csv),24103.1,1.76,75105,1990
5,5e — Panthéon,1999,58849.0,INSEE dossier complet (paris_population.csv),23168.9,1.71,75105,2000
5,5e — Panthéon,2011,60800.0,INSEE dossier complet (paris_population.csv),23937.0,1.72,75105,2010
5,5e — Panthéon,2022,55925.0,INSEE dossier complet (paris_population.csv),22017.7,1.71,75105,2020
6,6e — Luxembourg,1861,95931.0,demographia.com/db-paris-arr1999.htm,44536.21169916435,,,1860
6,6e — Luxembourg,1872,90288.0,demographia.com/db-paris-arr1999.htm,41916.43454038997,,,1870
6,6e — Luxembourg,1881,97735.0,demographia.com/db-paris-arr1999.htm,45373.72330547818,,,1880
6,6e — Luxembourg,1891,100143.0,demographia.com/db-paris-arr1999.htm,46491.643454039,,,1890
6,6e — Luxembourg,1901,102782.0,demographia.com/db-paris-arr1999.htm,47716.805942432686,,,1900
6,6e — Luxembourg,1911,102993.0,demographia.com/db-paris-arr1999.htm,47814.76323119777,,,1910
6,6e — Luxembourg,1921,101584.0,demographia.com/db-paris-arr1999.htm,47160.63138347261,,,1920
6,6e — Luxembourg,1931,100046.0,demographia.com/db-paris-arr1999.htm,46446.61095636026,,,1930
6,6e — Luxembourg,1936,89506.0,demographia.com/db-paris-arr1999.htm,41553.38904363974,,,1940
6,6e — Luxembourg,1946,83963.0,demographia.com/db-paris-arr1999.htm,38980.03714020427,,,1950
6,6e — Luxembourg,1962,79699.0,demographia.com/db-paris-arr1999.htm,37000.46425255339,,,1960
6,6e — Luxembourg,1968,70891.0,INSEE dossier complet (paris_population.csv),32972.6,2.16,75106,1970
6,6e — Luxembourg,1982,48905.0,INSEE dossier complet (paris_population.csv),22746.5,1.86,75106,1980
6,6e — Luxembourg,1990,47891.0,INSEE dossier complet (paris_population.csv),22274.9,1.82,75106,1990
6,6e — Luxembourg,1999,44919.0,INSEE dossier complet (paris_population.csv),20892.6,1.75,75106,2000
6,6e — Luxembourg,2011,43880.0,INSEE dossier complet (paris_population.csv),20409.3,1.76,75106,2010
6,6e — Luxembourg,2022,40432.0,INSEE dossier complet (paris_population.csv),18805.6,1.71,75106,2020
7,7e — Palais-Bourbon,1861,72965.0,demographia.com/db-paris-arr1999.htm,17848.58121330724,,,1860
7,7e — Palais-Bourbon,1872,78553.0,demographia.com/db-paris-arr1999.htm,19215.50880626223,,,1870
7,7e — Palais-Bourbon,1881,83327.0,demographia.com/db-paris-arr1999.htm,20383.317025440312,,,1880
7,7e — Palais-Bourbon,1891,97950.0,demographia.com/db-paris-arr1999.htm,23960.37181996086,,,1890
7,7e — Palais-Bourbon,1901,102497.0,demographia.com/db-paris-arr1999.htm,25072.651663405086,,,1900
7,7e — Palais-Bourbon,1911,106279.0,demographia.com/db-paris-arr1999.htm,25997.79843444227,,,1910
7,7e — Palais-Bourbon,1921,110345.0,demographia.com/db-paris-arr1999.htm,26992.416829745598,,,1920
7,7e — Palais-Bourbon,1931,107567.0,demographia.com/db-paris-arr1999.htm,26312.866927592953,,,1930
7,7e — Palais-Bourbon,1936,104154.0,demographia.com/db-paris-arr1999.htm,25477.9843444227,,,1940
7,7e — Palais-Bourbon,1946,102559.0,demographia.com/db-paris-arr1999.htm,25087.818003913893,,,1950
7,7e — Palais-Bourbon,1962,98246.0,demographia.com/db-paris-arr1999.htm,24032.778864970645,,,1960
7,7e — Palais-Bourbon,1968,87811.0,INSEE dossier complet (paris_population.csv),21469.7,2.29,75107,1970
7,7e — Palais-Bourbon,1982,67461.0,INSEE dossier complet (paris_population.csv),16494.1,1.94,75107,1980
7,7e — Palais-Bourbon,1990,62939.0,INSEE dossier complet (paris_population.csv),15388.5,1.92,75107,1990
7,7e — Palais-Bourbon,1999,56985.0,INSEE dossier complet (paris_population.csv),13932.8,1.84,75107,2000
7,7e — Palais-Bourbon,2011,57786.0,INSEE dossier complet (paris_population.csv),14128.6,1.83,75107,2010
7,7e — Palais-Bourbon,2022,48196.0,INSEE dossier complet (paris_population.csv),11783.9,1.8,75107,2020
8,8e — Élysée,1861,69814.0,demographia.com/db-paris-arr1999.htm,17988.6627157949,,,1860
8,8e — Élysée,1872,75796.0,demographia.com/db-paris-arr1999.htm,19530.01803658851,,,1870
8,8e — Élysée,1881,89004.0,demographia.com/db-paris-arr1999.htm,22933.26462251997,,,1880
8,8e — Élysée,1891,107485.0,demographia.com/db-paris-arr1999.htm,27695.181654212833,,,1890
8,8e — Élysée,1901,107171.0,demographia.com/db-paris-arr1999.htm,27614.274671476425,,,1900
8,8e — Élysée,1911,104635.0,demographia.com/db-paris-arr1999.htm,26960.83483638238,,,1910
8,8e — Élysée,1921,97344.0,demographia.com/db-paris-arr1999.htm,25082.19531048699,,,1920
8,8e — Élysée,1931,84851.0,demographia.com/db-paris-arr1999.htm,21863.17959288843,,,1930
8,8e — Élysée,1936,77543.0,demographia.com/db-paris-arr1999.htm,19980.159752641073,,,1940
8,8e — Élysée,1946,72438.0,demographia.com/db-paris-arr1999.htm,18664.77711929915,,,1950
8,8e — Élysée,1962,73430.0,demographia.com/db-paris-arr1999.htm,18920.38134501417,,,1960
8,8e — Élysée,1968,67897.0,INSEE dossier complet (paris_population.csv),17499.2,2.33,75108,1970
8,8e — Élysée,1982,46403.0,INSEE dossier complet (paris_population.csv),11959.5,2.02,75108,1980
8,8e — Élysée,1990,40814.0,INSEE dossier complet (paris_population.csv),10519.1,2.03,75108,1990
8,8e — Élysée,1999,39314.0,INSEE dossier complet (paris_population.csv),10132.5,1.99,75108,2000
8,8e — Élysée,2011,40589.0,INSEE dossier complet (paris_population.csv),10461.1,2.06,75108,2010
8,8e — Élysée,2022,35418.0,INSEE dossier complet (paris_population.csv),9128.4,1.99,75108,2020
9,9e — Opéra,1861,107326.0,demographia.com/db-paris-arr1999.htm,49254.70399265719,,,1860
9,9e — Opéra,1872,103767.0,demographia.com/db-paris-arr1999.htm,47621.38595686095,,,1870
9,9e — Opéra,1881,122896.0,demographia.com/db-paris-arr1999.htm,56400.183570445166,,,1880
9,9e — Opéra,1891,121289.0,demographia.com/db-paris-arr1999.htm,55662.689307021574,,,1890
9,9e — Opéra,1901,124011.0,demographia.com/db-paris-arr1999.htm,56911.88618632401,,,1900
9,9e — Opéra,1911,119626.0,demographia.com/db-paris-arr1999.htm,54899.495181275815,,,1910
9,9e — Opéra,1921,113392.0,demographia.com/db-paris-arr1999.htm,52038.54979348325,,,1920
9,9e — Opéra,1931,102797.0,demographia.com/db-paris-arr1999.htm,47176.227627352,,,1930
9,9e — Opéra,1936,95877.0,demographia.com/db-paris-arr1999.htm,44000.4589261129,,,1940
9,9e — Opéra,1946,96666.0,demographia.com/db-paris-arr1999.htm,44362.55162918771,,,1950
9,9e — Opéra,1962,92110.0,demographia.com/db-paris-arr1999.htm,42271.68425883433,,,1960
9,9e — Opéra,1968,84969.0,INSEE dossier complet (paris_population.csv),38976.6,2.09,75109,1970
9,9e — Opéra,1982,64134.0,INSEE dossier complet (paris_population.csv),29419.3,1.83,75109,1980
9,9e — Opéra,1990,58019.0,INSEE dossier complet (paris_population.csv),26614.2,1.88,75109,1990
9,9e — Opéra,1999,55838.0,INSEE dossier complet (paris_population.csv),25613.8,1.82,75109,2000
9,9e — Opéra,2011,60120.0,INSEE dossier complet (paris_population.csv),27578.0,1.87,75109,2010
9,9e — Opéra,2022,58419.0,INSEE dossier complet (paris_population.csv),26797.7,1.82,75109,2020
10,10e — Entrepôt,1861,113571.0,demographia.com/db-paris-arr1999.htm,39270.74688796681,,,1860
10,10e — Entrepôt,1872,135392.0,demographia.com/db-paris-arr1999.htm,46816.044260027666,,,1870
10,10e — Entrepôt,1881,159809.0,demographia.com/db-paris-arr1999.htm,55258.99031811895,,,1880
10,10e — Entrepôt,1891,155344.0,demographia.com/db-paris-arr1999.htm,53715.07607192254,,,1890
10,10e — Entrepôt,1901,154852.0,demographia.com/db-paris-arr1999.htm,53544.95159059475,,,1900
10,10e — Entrepôt,1911,151161.0,demographia.com/db-paris-arr1999.htm,52268.67219917013,,,1910
10,10e — Entrepôt,1921,145722.0,demographia.com/db-paris-arr1999.htm,50387.96680497925,,,1920
10,10e — Entrepôt,1931,131150.0,demographia.com/db-paris-arr1999.htm,45349.23928077455,,,1930
10,10e — Entrepôt,1936,125374.0,demographia.com/db-paris-arr1999.htm,43352.00553250346,,,1940
10,10e — Entrepôt,1946,123939.0,demographia.com/db-paris-arr1999.htm,42855.80912863071,,,1950
10,10e — Entrepôt,1962,122251.0,demographia.com/db-paris-arr1999.htm,42272.13001383126,,,1960
10,10e — Entrepôt,1968,113372.0,INSEE dossier complet (paris_population.csv),39229.1,2.15,75110,1970
10,10e — Entrepôt,1982,86970.0,INSEE dossier complet (paris_population.csv),30093.4,1.9,75110,1980
10,10e — Entrepôt,1990,90083.0,INSEE dossier complet (paris_population.csv),31170.6,1.95,75110,1990
10,10e — Entrepôt,1999,89612.0,INSEE dossier complet (paris_population.csv),31007.6,1.9,75110,2000
10,10e — Entrepôt,2011,94027.0,INSEE dossier complet (paris_population.csv),32535.3,1.9,75110,2010
10,10e — Entrepôt,2022,81926.0,INSEE dossier complet (paris_population.csv),28348.1,1.82,75110,2020
11,11e — Popincourt,1861,125718.0,demographia.com/db-paris-arr1999.htm,34292.962356792144,,,1860
11,11e — Popincourt,1872,167393.0,demographia.com/db-paris-arr1999.htm,45660.938352427715,,,1870
11,11e — Popincourt,1881,209246.0,demographia.com/db-paris-arr1999.htm,57077.46863066012,,,1880
11,11e — Popincourt,1891,217016.0,demographia.com/db-paris-arr1999.htm,59196.94489907256,,,1890
11,11e — Popincourt,1901,239149.0,demographia.com/db-paris-arr1999.htm,65234.31533006001,,,1900
11,11e — Popincourt,1911,242295.0,demographia.com/db-paris-arr1999.htm,66092.47135842881,,,1910
11,11e — Popincourt,1921,229855.0,demographia.com/db-paris-arr1999.htm,62699.12711402073,,,1920
11,11e — Popincourt,1931,219471.0,demographia.com/db-paris-arr1999.htm,59866.61211129296,,,1930
11,11e — Popincourt,1936,204542.0,demographia.com/db-paris-arr1999.htm,55794.32624113475,,,1940
11,11e — Popincourt,1946,188547.0,demographia.com/db-paris-arr1999.htm,51431.26022913257,,,1950
11,11e — Popincourt,1962,189550.0,demographia.com/db-paris-arr1999.htm,51704.85542825968,,,1960
11,11e — Popincourt,1968,179727.0,INSEE dossier complet (paris_population.csv),48971.9,2.1,75111,1970
11,11e — Popincourt,1982,146931.0,INSEE dossier complet (paris_population.csv),40035.7,1.81,75111,1980
11,11e — Popincourt,1990,154165.0,INSEE dossier complet (paris_population.csv),42006.8,1.84,75111,1990
11,11e — Popincourt,1999,149102.0,INSEE dossier complet (paris_population.csv),40627.2,1.78,75111,2000
11,11e — Popincourt,2011,154647.0,INSEE dossier complet (paris_population.csv),42138.1,1.75,75111,2010
11,11e — Popincourt,2022,139983.0,INSEE dossier complet (paris_population.csv),38142.5,1.68,75111,2020
12,12e — Reuilly,1861,65748.0,demographia.com/db-paris-arr1999.htm,10310.177199310021,,,1860
12,12e — Reuilly,1872,87678.0,demographia.com/db-paris-arr1999.htm,13749.09832209503,,,1870
12,12e — Reuilly,1881,102435.0,demographia.com/db-paris-arr1999.htm,16063.195860122316,,,1880
12,12e — Reuilly,1891,111665.0,demographia.com/db-paris-arr1999.htm,17510.584914536616,,,1890
12,12e — Reuilly,1901,130062.0,demographia.com/db-paris-arr1999.htm,20395.483769797713,,,1900
12,12e — Reuilly,1911,151014.0,demographia.com/db-paris-arr1999.htm,23681.041241963307,,,1910
12,12e — Reuilly,1921,151810.0,demographia.com/db-paris-arr1999.htm,23805.86482672103,,,1920
12,12e — Reuilly,1931,157277.0,demographia.com/db-paris-arr1999.htm,24663.164497412577,,,1930
12,12e — Reuilly,1936,156729.0,demographia.com/db-paris-arr1999.htm,24577.230672730126,,,1940
12,12e — Reuilly,1946,153633.0,demographia.com/db-paris-arr1999.htm,24091.735925984005,,,1950
12,12e — Reuilly,1962,163899.0,demographia.com/db-paris-arr1999.htm,25701.583816841776,,,1960
12,12e — Reuilly,1968,155982.0,INSEE dossier complet (paris_population.csv),9557.7,2.22,75112,1970
12,12e — Reuilly,1982,138015.0,INSEE dossier complet (paris_population.csv),8456.8,1.88,75112,1980
12,12e — Reuilly,1990,130257.0,INSEE dossier complet (paris_population.csv),7981.4,1.87,75112,1990
12,12e — Reuilly,1999,136591.0,INSEE dossier complet (paris_population.csv),8369.5,1.84,75112,2000
12,12e — Reuilly,2011,144402.0,INSEE dossier complet (paris_population.csv),8848.2,1.85,75112,2010
12,12e — Reuilly,2022,139788.0,INSEE dossier complet (paris_population.csv),8565.4,1.84,75112,2020
13,13e — Gobelins,1861,56798.0,demographia.com/db-paris-arr1999.htm,7948.222781975931,,,1860
13,13e — Gobelins,1872,69431.0,demographia.com/db-paris-arr1999.htm,9716.06493143017,,,1870
13,13e — Gobelins,1881,91315.0,demographia.com/db-paris-arr1999.htm,12778.477469913238,,,1880
13,13e — Gobelins,1891,110056.0,demographia.com/db-paris-arr1999.htm,15401.0635320459,,,1890
13,13e — Gobelins,1901,127874.0,demographia.com/db-paris-arr1999.htm,17894.486425972573,,,1900
13,13e — Gobelins,1911,142386.0,demographia.com/db-paris-arr1999.htm,19925.27287993283,,,1910
13,13e — Gobelins,1921,150883.0,demographia.com/db-paris-arr1999.htm,21114.32969493423,,,1920
13,13e — Gobelins,1931,164671.0,demographia.com/db-paris-arr1999.htm,23043.80072767982,,,1930
13,13e — Gobelins,1936,170442.0,demographia.com/db-paris-arr1999.htm,23851.38539042821,,,1940
13,13e — Gobelins,1946,159722.0,demographia.com/db-paris-arr1999.htm,22351.24545200112,,,1950
13,13e — Gobelins,1962,164342.0,demographia.com/db-paris-arr1999.htm,22997.760985166526,,,1960
13,13e — Gobelins,1968,158280.0,INSEE dossier complet (paris_population.csv),22137.1,2.32,75113,1970
13,13e — Gobelins,1982,170818.0,INSEE dossier complet (paris_population.csv),23890.6,2.01,75113,1980
13,13e — Gobelins,1990,171098.0,INSEE dossier complet (paris_population.csv),23929.8,2.02,75113,1990
13,13e — Gobelins,1999,171533.0,INSEE dossier complet (paris_population.csv),23990.6,1.94,75113,2000
13,13e — Gobelins,2011,183260.0,INSEE dossier complet (paris_population.csv),25630.8,1.95,75113,2010
13,13e — Gobelins,2022,177735.0,INSEE dossier complet (paris_population.csv),24858.0,1.88,75113,2020
14,14e — Observatoire,1861,52594.0,demographia.com/db-paris-arr1999.htm,9356.698096424123,,,1860
14,14e — Observatoire,1872,69611.0,demographia.com/db-paris-arr1999.htm,12384.095356698095,,,1870
14,14e — Observatoire,1881,91713.0,demographia.com/db-paris-arr1999.htm,16316.135918875643,,,1880
14,14e — Observatoire,1891,112638.0,demographia.com/db-paris-arr1999.htm,20038.783134673544,,,1890
14,14e — Observatoire,1901,142695.0,demographia.com/db-paris-arr1999.htm,25386.05230386052,,,1900
14,14e — Observatoire,1911,163523.0,demographia.com/db-paris-arr1999.htm,29091.44280377157,,,1910
14,14e — Observatoire,1921,171292.0,demographia.com/db-paris-arr1999.htm,30473.58121330724,,,1920
14,14e — Observatoire,1931,178230.0,demographia.com/db-paris-arr1999.htm,31707.88115993595,,,1930
14,14e — Observatoire,1936,178612.0,demographia.com/db-paris-arr1999.htm,31775.840597758404,,,1940
14,14e — Observatoire,1946,175581.0,demographia.com/db-paris-arr1999.htm,31236.612702366125,,,1950
14,14e — Observatoire,1962,175524.0,demographia.com/db-paris-arr1999.htm,31226.472157979006,,,1960
14,14e — Observatoire,1968,167093.0,INSEE dossier complet (paris_population.csv),29626.4,2.17,75114,1970
14,14e — Observatoire,1982,138596.0,INSEE dossier complet (paris_population.csv),24573.8,1.85,75114,1980
14,14e — Observatoire,1990,136574.0,INSEE dossier complet (paris_population.csv),24215.2,1.87,75114,1990
14,14e — Observatoire,1999,132844.0,INSEE dossier complet (paris_population.csv),23553.9,1.81,75114,2000
14,14e — Observatoire,2011,140317.0,INSEE dossier complet (paris_population.csv),24878.9,1.81,75114,2010
14,14e — Observatoire,2022,137581.0,INSEE dossier complet (paris_population.csv),24393.8,1.84,75114,2020
15,15e — Vaugirard,1861,56041.0,demographia.com/db-paris-arr1999.htm,6591.507880498706,,,1860
15,15e — Vaugirard,1872,75449.0,demographia.com/db-paris-arr1999.htm,8874.264878852035,,,1870
15,15e — Vaugirard,1881,100679.0,demographia.com/db-paris-arr1999.htm,11841.801928957892,,,1880
15,15e — Vaugirard,1891,119307.0,demographia.com/db-paris-arr1999.htm,14032.815808045165,,,1890
15,15e — Vaugirard,1901,153185.0,demographia.com/db-paris-arr1999.htm,18017.52528816749,,,1900
15,15e — Vaugirard,1911,199010.0,demographia.com/db-paris-arr1999.htm,23407.43354504822,,,1910
15,15e — Vaugirard,1921,225331.0,demographia.com/db-paris-arr1999.htm,26503.293342742883,,,1920
15,15e — Vaugirard,1931,238797.0,demographia.com/db-paris-arr1999.htm,28087.15596330275,,,1930
15,15e — Vaugirard,1936,243687.0,demographia.com/db-paris-arr1999.htm,28662.314749470712,,,1940
15,15e — Vaugirard,1946,244981.0,demographia.com/db-paris-arr1999.htm,28814.51423194542,,,1950
15,15e — Vaugirard,1962,249464.0,demographia.com/db-paris-arr1999.htm,29341.80192895789,,,1960
15,15e — Vaugirard,1968,244080.0,INSEE dossier complet (paris_population.csv),28783.0,2.14,75115,1970
15,15e — Vaugirard,1982,225596.0,INSEE dossier complet (paris_population.csv),26603.3,1.87,75115,1980
15,15e — Vaugirard,1990,223940.0,INSEE dossier complet (paris_population.csv),26408.0,1.83,75115,1990
15,15e — Vaugirard,1999,225362.0,INSEE dossier complet (paris_population.csv),26575.7,1.8,75115,2000
15,15e — Vaugirard,2011,238395.0,INSEE dossier complet (paris_population.csv),28112.6,1.84,75115,2010
15,15e — Vaugirard,2022,228754.0,INSEE dossier complet (paris_population.csv),26975.7,1.81,75115,2020
16,16e — Passy,1861,36728.0,demographia.com/db-paris-arr1999.htm,4681.1113943410655,,,1860
16,16e — Passy,1872,43332.0,demographia.com/db-paris-arr1999.htm,5522.814172826918,,,1870
16,16e — Passy,1881,60702.0,demographia.com/db-paris-arr1999.htm,7736.681111394341,,,1880
16,16e — Passy,1891,89226.0,demographia.com/db-paris-arr1999.htm,11372.16416008157,,,1890
16,16e — Passy,1901,121131.0,demographia.com/db-paris-arr1999.htm,15438.567422890645,,,1900
16,16e — Passy,1911,150174.0,demographia.com/db-paris-arr1999.htm,19140.19882742799,,,1910
16,16e — Passy,1921,162819.0,demographia.com/db-paris-arr1999.htm,20751.84807545246,,,1920
16,16e — Passy,1931,176868.0,demographia.com/db-paris-arr1999.htm,22542.442008666836,,,1930
16,16e — Passy,1936,189571.0,demographia.com/db-paris-arr1999.htm,24161.483558501146,,,1940
16,16e — Passy,1946,197732.0,demographia.com/db-paris-arr1999.htm,25201.631404537344,,,1950
16,16e — Passy,1962,224089.0,demographia.com/db-paris-arr1999.htm,28560.922763191436,,,1960
16,16e — Passy,1968,214120.0,INSEE dossier complet (paris_population.csv),13080.0,2.41,75116,1970
16,16e — Passy,1982,179446.0,INSEE dossier complet (paris_population.csv),10961.9,2.01,75116,1980
16,16e — Passy,1990,169863.0,INSEE dossier complet (paris_population.csv),10376.5,1.98,75116,1990
16,16e — Passy,1999,161773.0,INSEE dossier complet (paris_population.csv),9882.3,1.94,75116,2000
16,16e — Passy,2011,169942.0,INSEE dossier complet (paris_population.csv),10381.3,1.96,75116,2010
16,16e — Passy,2022,159733.0,INSEE dossier complet (paris_population.csv),9757.7,1.95,75116,2020
17,17e — Batignolles,1861,75228.0,demographia.com/db-paris-arr1999.htm,13270.0652672429,,,1860
17,17e — Batignolles,1872,101804.0,demographia.com/db-paris-arr1999.htm,17958.01728699947,,,1870
17,17e — Batignolles,1881,143187.0,demographia.com/db-paris-arr1999.htm,25257.893808431825,,,1880
17,17e — Batignolles,1891,175742.0,demographia.com/db-paris-arr1999.htm,31000.52919386135,,,1890
17,17e — Batignolles,1901,206208.0,demographia.com/db-paris-arr1999.htm,36374.669253836655,,,1900
17,17e — Batignolles,1911,215832.0,demographia.com/db-paris-arr1999.htm,38072.32316105133,,,1910
17,17e — Batignolles,1921,220965.0,demographia.com/db-paris-arr1999.htm,38977.77385782325,,,1920
17,17e — Batignolles,1931,220716.0,demographia.com/db-paris-arr1999.htm,38933.8507673311,,,1930
17,17e — Batignolles,1936,221260.0,demographia.com/db-paris-arr1999.htm,39029.81125418945,,,1940
17,17e — Batignolles,1946,218341.0,demographia.com/db-paris-arr1999.htm,38514.905627094726,,,1950
17,17e — Batignolles,1962,223823.0,demographia.com/db-paris-arr1999.htm,39481.91920973717,,,1960
17,17e — Batignolles,1968,210299.0,INSEE dossier complet (paris_population.csv),37089.8,2.18,75117,1970
17,17e — Batignolles,1982,169513.0,INSEE dossier complet (paris_population.csv),29896.5,1.88,75117,1980
17,17e — Batignolles,1990,161935.0,INSEE dossier complet (paris_population.csv),28560.0,1.9,75117,1990
17,17e — Batignolles,1999,160860.0,INSEE dossier complet (paris_population.csv),28370.4,1.85,75117,2000
17,17e — Batignolles,2011,170174.0,INSEE dossier complet (paris_population.csv),30013.1,1.88,75117,2010
17,17e — Batignolles,2022,161206.0,INSEE dossier complet (paris_population.csv),28431.4,1.88,75117,2020
18,18e — Buttes-Montmartre,1861,106356.0,demographia.com/db-paris-arr1999.htm,17711.240632805995,,,1860
18,18e — Buttes-Montmartre,1872,138109.0,demographia.com/db-paris-arr1999.htm,22999.000832639467,,,1870
18,18e — Buttes-Montmartre,1881,178836.0,demographia.com/db-paris-arr1999.htm,29781.182348043298,,,1880
18,18e — Buttes-Montmartre,1891,214258.0,demographia.com/db-paris-arr1999.htm,35679.93338884263,,,1890
18,18e — Buttes-Montmartre,1901,253591.0,demographia.com/db-paris-arr1999.htm,42229.97502081599,,,1900
18,18e — Buttes-Montmartre,1911,274717.0,demographia.com/db-paris-arr1999.htm,45748.04329725229,,,1910
18,18e — Buttes-Montmartre,1921,284986.0,demographia.com/db-paris-arr1999.htm,47458.11823480433,,,1920
18,18e — Buttes-Montmartre,1931,288810.0,demographia.com/db-paris-arr1999.htm,48094.920899250625,,,1930
18,18e — Buttes-Montmartre,1936,276727.0,demographia.com/db-paris-arr1999.htm,46082.76436303081,,,1940
18,18e — Buttes-Montmartre,1946,259589.0,demographia.com/db-paris-arr1999.htm,43228.80932556203,,,1950
18,18e — Buttes-Montmartre,1962,250040.0,demographia.com/db-paris-arr1999.htm,41638.63447127394,,,1960
18,18e — Buttes-Montmartre,1968,236776.0,INSEE dossier complet (paris_population.csv),39397.0,2.08,75118,1970
18,18e — Buttes-Montmartre,1982,186866.0,INSEE dossier complet (paris_population.csv),31092.5,1.82,75118,1980
18,18e — Buttes-Montmartre,1990,187657.0,INSEE dossier complet (paris_population.csv),31224.1,1.88,75118,1990
18,18e — Buttes-Montmartre,1999,184586.0,INSEE dossier complet (paris_population.csv),30713.1,1.83,75118,2000
18,18e — Buttes-Montmartre,2011,203127.0,INSEE dossier complet (paris_population.csv),33798.2,1.87,75118,2010
18,18e — Buttes-Montmartre,2022,185825.0,INSEE dossier complet (paris_population.csv),30919.3,1.8,75118,2020
19,19e — Buttes-Chaumont,1861,76445.0,demographia.com/db-paris-arr1999.htm,11265.104627173594,,,1860
19,19e — Buttes-Chaumont,1872,93174.0,demographia.com/db-paris-arr1999.htm,13730.327144120249,,,1870
19,19e — Buttes-Chaumont,1881,117885.0,demographia.com/db-paris-arr1999.htm,17371.79487179487,,,1880
19,19e — Buttes-Chaumont,1891,128388.0,demographia.com/db-paris-arr1999.htm,18919.54022988506,,,1890
19,19e — Buttes-Chaumont,1901,144953.0,demographia.com/db-paris-arr1999.htm,21360.595343353965,,,1900
19,19e — Buttes-Chaumont,1911,155864.0,demographia.com/db-paris-arr1999.htm,22968.464485705867,,,1910
19,19e — Buttes-Chaumont,1921,156243.0,demographia.com/db-paris-arr1999.htm,23024.31476569408,,,1920
19,19e — Buttes-Chaumont,1931,165757.0,demographia.com/db-paris-arr1999.htm,24426.318891836134,,,1930
19,19e — Buttes-Chaumont,1936,163094.0,demographia.com/db-paris-arr1999.htm,24033.89330975538,,,1940
19,19e — Buttes-Chaumont,1946,149297.0,demographia.com/db-paris-arr1999.htm,22000.73681108164,,,1950
19,19e — Buttes-Chaumont,1962,156417.0,demographia.com/db-paris-arr1999.htm,23049.955791335102,,,1960
19,19e — Buttes-Chaumont,1968,148862.0,INSEE dossier complet (paris_population.csv),21923.7,2.34,75119,1970
19,19e — Buttes-Chaumont,1982,162649.0,INSEE dossier complet (paris_population.csv),23954.2,2.13,75119,1980
19,19e — Buttes-Chaumont,1990,165062.0,INSEE dossier complet (paris_population.csv),24309.6,2.17,75119,1990
19,19e — Buttes-Chaumont,1999,172730.0,INSEE dossier complet (paris_population.csv),25438.9,2.15,75119,2000
19,19e — Buttes-Chaumont,2011,186090.0,INSEE dossier complet (paris_population.csv),27406.5,2.17,75119,2010
19,19e — Buttes-Chaumont,2022,178371.0,INSEE dossier complet (paris_population.csv),26269.7,2.03,75119,2020
20,20e — Ménilmontant,1861,70060.0,demographia.com/db-paris-arr1999.htm,11707.887700534759,,,1860
20,20e — Ménilmontant,1872,92772.0,demographia.com/db-paris-arr1999.htm,15503.342245989305,,,1870
20,20e — Ménilmontant,1881,126917.0,demographia.com/db-paris-arr1999.htm,21209.391711229946,,,1880
20,20e — Ménilmontant,1891,142744.0,demographia.com/db-paris-arr1999.htm,23854.27807486631,,,1890
20,20e — Ménilmontant,1901,166115.0,demographia.com/db-paris-arr1999.htm,27759.85962566845,,,1900
20,20e — Ménilmontant,1911,180594.0,demographia.com/db-paris-arr1999.htm,30179.47860962567,,,1910
20,20e — Ménilmontant,1921,187697.0,demographia.com/db-paris-arr1999.htm,31366.477272727272,,,1920
20,20e — Ménilmontant,1931,195731.0,demographia.com/db-paris-arr1999.htm,32709.057486631016,,,1930
20,20e — Ménilmontant,1936,208115.0,demographia.com/db-paris-arr1999.htm,34778.576203208555,,,1940
20,20e — Ménilmontant,1946,193406.0,demographia.com/db-paris-arr1999.htm,32320.52139037433,,,1950
20,20e — Ménilmontant,1962,198463.0,demographia.com/db-paris-arr1999.htm,33165.608288770054,,,1960
20,20e — Ménilmontant,1968,188921.0,INSEE dossier complet (paris_population.csv),31592.1,2.3,75120,1970
20,20e — Ménilmontant,1982,171971.0,INSEE dossier complet (paris_population.csv),28757.7,2.03,75120,1980
20,20e — Ménilmontant,1990,184478.0,INSEE dossier complet (paris_population.csv),30849.2,2.04,75120,1990
20,20e — Ménilmontant,1999,182952.0,INSEE dossier complet (paris_population.csv),30594.0,1.98,75120,2000
20,20e — Ménilmontant,2011,198042.0,INSEE dossier complet (paris_population.csv),33117.4,2.01,75120,2010
20,20e — Ménilmontant,2022,187694.0,INSEE dossier complet (paris_population.csv),31387.0,1.9,75120,2020
